{
  "area_id": "253f5f48-a0ce-4201-b966-04591501259c",
  "item_count": 29,
  "status_counts": {
    "auto_matched": 27,
    "needs_review": 1,
    "rejected": 1
  },
  "auto_matched_ratio": 0.931034,
  "generated_at": "2026-04-02T12:01:20.428876+00:00"
}
